{
    "3D_P1_non_zero": {
        "1": {
            "avg_runtime": 0.0021684999999999994,
            "dynamic": false,
            "local_disp_size": 12,
            "os": "Linux",
            "per_file_compile_times": [
                1.0159549713134766,
                0.6289598941802979,
                0.6929147243499756,
                0.6976315975189209,
                0.7200114727020264,
                0.8361022472381592,
                0.7188529968261719,
                0.7189197540283203,
                0.6411185264587402,
                0.7667057514190674,
                0.8811790943145752,
                0.6561501026153564,
                0.7845089435577393,
                0.6595187187194824,
                0.7116506099700928,
                0.8699021339416504,
                0.6741969585418701,
                0.7417082786560059,
                0.7097697257995605,
                0.6299428939819336,
                0.7048909664154053,
                0.7919695377349854,
                0.6757445335388184,
                0.6440649032592773,
                0.6651210784912109,
                0.5809171199798584,
                0.6725926399230957,
                0.6496255397796631,
                0.690690279006958,
                0.7128348350524902,
                0.6159241199493408,
                0.6420142650604248,
                0.6698393821716309,
                0.7486848831176758,
                0.7636721134185791,
                0.5988621711730957,
                0.7920150756835938,
                0.777137041091919,
                0.6895303726196289,
                0.8516299724578857,
                0.8151814937591553,
                0.8815524578094482,
                0.7531406879425049,
                0.7507801055908203,
                0.7910459041595459,
                0.8753499984741211,
                0.69222092628479,
                0.8007967472076416,
                0.8569812774658203,
                0.8030579090118408,
                0.7343096733093262,
                0.6523253917694092,
                0.6625547409057617,
                0.7987136840820312,
                0.7052202224731445,
                0.7202403545379639,
                0.7231400012969971,
                0.725874662399292,
                0.7252135276794434,
                0.8004903793334961,
                0.7314455509185791,
                0.6086037158966064,
                0.4893050193786621,
                0.5136857032775879,
                0.493541955947876,
                0.7130072116851807
            ],
            "speedup": "0.8636845745907311x",
            "total_compile_time": 47.511239528656006,
            "total_file_generation_time": -1,
            "wenzel_runtime": "0.0018728999999999998"
        },
        "2": {
            "avg_runtime": 0.0011211000000000003,
            "dynamic": false,
            "local_disp_size": 12,
            "os": "Linux",
            "per_file_compile_times": [
                1.1956796646118164,
                1.0563507080078125,
                1.0550990104675293,
                1.0718944072723389,
                0.9890468120574951,
                0.9711101055145264,
                1.1410713195800781,
                1.204657793045044,
                1.1073148250579834,
                1.1097052097320557,
                1.073004961013794,
                0.9833543300628662,
                1.017967939376831,
                0.9467337131500244,
                1.0445079803466797,
                0.8942141532897949,
                1.0301036834716797,
                1.0986943244934082,
                1.1429882049560547,
                1.045841932296753,
                1.2303307056427002,
                1.2067151069641113,
                1.2912015914916992,
                1.1588239669799805,
                1.1057393550872803,
                0.8075990676879883,
                0.8817546367645264,
                0.9969463348388672,
                1.0233285427093506,
                0.9693810939788818,
                1.1393146514892578,
                0.9707086086273193,
                0.9829761981964111
            ],
            "speedup": "1.67059138346267x",
            "total_compile_time": 34.94416093826294,
            "total_file_generation_time": -1,
            "wenzel_runtime": "0.0018728999999999998"
        },
        "4": {
            "avg_runtime": 0.0006893999999999997,
            "dynamic": false,
            "local_disp_size": 12,
            "os": "Linux",
            "per_file_compile_times": [
                1.892590045928955,
                1.9769210815429688,
                1.8197154998779297,
                2.0460076332092285,
                1.9472382068634033,
                2.0549674034118652,
                1.7085449695587158,
                1.8517038822174072,
                2.5934677124023438,
                1.7140789031982422,
                2.319284677505493,
                1.7532401084899902,
                2.624502182006836,
                1.413193941116333,
                2.5895702838897705,
                1.8376317024230957,
                1.4692409038543701
            ],
            "speedup": "2.716710182767625x",
            "total_compile_time": 33.61189913749695,
            "total_file_generation_time": -1,
            "wenzel_runtime": "0.0018728999999999998"
        },
        "8": {
            "avg_runtime": 0.0003853,
            "dynamic": false,
            "local_disp_size": 12,
            "os": "Linux",
            "per_file_compile_times": [
                3.8995015621185303,
                3.7988483905792236,
                4.820871114730835,
                3.1755635738372803,
                3.5519866943359375,
                3.6024363040924072,
                3.123765707015991,
                3.665335178375244,
                2.6037051677703857
            ],
            "speedup": "4.860887620036335x",
            "total_compile_time": 32.242013692855835,
            "total_file_generation_time": -1,
            "wenzel_runtime": "0.0018728999999999998"
        },
        "16": {
            "avg_runtime": 0.0002582,
            "dynamic": false,
            "local_disp_size": 12,
            "os": "Linux",
            "per_file_compile_times": [
                8.513553142547607,
                8.57174563407898,
                8.402616500854492,
                8.088703393936157,
                4.997256755828857
            ],
            "speedup": "7.253679318357862x",
            "total_compile_time": 38.573875427246094,
            "total_file_generation_time": -1,
            "wenzel_runtime": "0.0018728999999999998"
        },
        "32": {
            "avg_runtime": 0.0001697,
            "dynamic": false,
            "local_disp_size": 12,
            "os": "Linux",
            "per_file_compile_times": [
                12.784810543060303,
                13.321822166442871,
                5.221708059310913
            ],
            "speedup": "11.036535061873893x",
            "total_compile_time": 31.328340768814087,
            "total_file_generation_time": -1,
            "wenzel_runtime": "0.0018728999999999998"
        },
        "64": {
            "avg_runtime": 0.0001663,
            "dynamic": false,
            "local_disp_size": 12,
            "os": "Linux",
            "per_file_compile_times": [
                25.577157497406006,
                4.13858962059021
            ],
            "speedup": "11.262176788935657x",
            "total_compile_time": 29.715747117996216,
            "total_file_generation_time": -1,
            "wenzel_runtime": "0.0018728999999999998"
        },
        "128": {
            "avg_runtime": 9.53e-05,
            "dynamic": false,
            "local_disp_size": 12,
            "os": "Linux",
            "per_file_compile_times": [
                32.16921901702881
            ],